<app>
	<id>com.boxeeapp.webcindario.tvchannels</id>
	<name>Demo Boxee App (skin)</name>
	<version>0.2</version>
	<description>A Demo Application for Boxee</description>
	<thumb>http://boxeeapp.webcindario.com/repository/app_tvchannels_logo.jpg</thumb>
	<media>video</media>
	<copyright>Boxxxee</copyright>
	<email>sergio.hdl@gmail.com</email>
	<type>skin</type>
	<startWindow>14000</startWindow>
	<platform>all</platform>
	<minversion>0.9.9</minversion>
	<!--test-app>true</test-app-->
</app>
